Amarr Shuttle Exoplanets Hunter SKIN,1,Permanent SKIN,"44,356.76 ISK"
Amarr Shuttle Glacial Drift SKIN,1,Permanent SKIN,"360,072.38 ISK"
Anathema Exoplanets Hunter SKIN,1,Permanent SKIN,"485,614.68 ISK"
Apocalypse Biosecurity Responders SKIN,1,Permanent SKIN,"151,338.39 ISK"
Ares Exoplanets Hunter SKIN,1,Permanent SKIN,"2,430,994.92 ISK"
Armageddon Exoplanets Hunter SKIN,1,Permanent SKIN,"1,890,310.34 ISK"
Atron Biosecurity Responders SKIN,1,Permanent SKIN,"40,872.81 ISK"
Atron Exoplanets Hunter SKIN,1,Permanent SKIN,"320,147.66 ISK"
Badger Biosecurity Responders SKIN,1,Permanent SKIN,"200,146.09 ISK"
Badger Exoplanets Hunter SKIN,1,Permanent SKIN,"1,027,045.11 ISK"
Bellicose Exoplanets Hunter SKIN,1,Permanent SKIN,"288,425.58 ISK"
Bestower Biosecurity Responders SKIN,1,Permanent SKIN,"40,920.04 ISK"
Bestower Exoplanets Hunter SKIN,1,Permanent SKIN,"370,694.17 ISK"
Blackbird Exoplanets Hunter SKIN,1,Permanent SKIN,"317,424.75 ISK"
Breacher Exoplanets Hunter SKIN,1,Permanent SKIN,"26,061.29 ISK"
Brutix Exoplanets Hunter SKIN,1,Permanent SKIN,"928,572.50 ISK"
Burst Exoplanets Hunter SKIN,1,Permanent SKIN,"1,584.07 ISK"
Bustard Exoplanets Hunter SKIN,1,Permanent SKIN,"4,034,705.13 ISK"
Caldari Shuttle Biosecurity Responders SKIN,1,Permanent SKIN,"25,456.64 ISK"
Caldari Shuttle Exoplanets Hunter SKIN,1,Permanent SKIN,"231,772.37 ISK"
Caracal Navy Issue Exoplanets Hunter SKIN,1,Permanent SKIN,"1,799,298.18 ISK"
Catalyst Exoplanets Hunter SKIN,1,Permanent SKIN,"378,844.54 ISK"
Celestis Biosecurity Responders SKIN,1,Permanent SKIN,"12,713.28 ISK"
Celestis Biosecurity Responders SKIN,1,Permanent SKIN,"12,713.28 ISK"
Celestis Exoplanets Hunter SKIN,1,Permanent SKIN,"95,584.78 ISK"
Cerberus Exoplanets Hunter SKIN,1,Permanent SKIN,"18,082,671.23 ISK"
Cheetah Exoplanets Hunter SKIN,1,Permanent SKIN,"413,694.44 ISK"
Claw Exoplanets Hunter SKIN,1,Permanent SKIN,"28,217.12 ISK"
Coercer Exoplanets Hunter SKIN,1,Permanent SKIN,"82,449.08 ISK"
Condor Exoplanets Hunter SKIN,1,Permanent SKIN,"427,373.91 ISK"
Corax Biosecurity Responders SKIN,1,Permanent SKIN,"27,143.22 ISK"
Cormorant Exoplanets Hunter SKIN,1,Permanent SKIN,"991,842.70 ISK"
Crane Exoplanets Hunter SKIN,1,Permanent SKIN,"3,086,611.11 ISK"
Crucifier Exoplanets Hunter SKIN,1,Permanent SKIN,"106,146.08 ISK"
Crucifier Navy Issue Biosecurity Responders SKIN,1,Permanent SKIN,"12,151.84 ISK"
Crucifier Navy Issue Biosecurity Responders SKIN,1,Permanent SKIN,"12,151.84 ISK"
Cyclone Biosecurity Responders SKIN,1,Permanent SKIN,"42,635.32 ISK"
Damnation Biosecurity Responders SKIN,1,Permanent SKIN,"561,491.34 ISK"
Damnation Exoplanets Hunter SKIN,1,Permanent SKIN,"3,418,146.34 ISK"
Deacon Biosecurity Responders SKIN,1,Permanent SKIN,"23,280.63 ISK"
Deimos Exoplanets Hunter SKIN,1,Permanent SKIN,"1,245,069.33 ISK"
Devoter Biosecurity Responders SKIN,1,Permanent SKIN,"94,243.86 ISK"
Devoter Exoplanets Hunter SKIN,1,Permanent SKIN,"546,253.42 ISK"
Dragoon Exoplanets Hunter SKIN,1,Permanent SKIN,"69,648.86 ISK"
Enyo Biosecurity Responders SKIN,1,Permanent SKIN,"45,516.51 ISK"
Enyo Exoplanets Hunter SKIN,1,Permanent SKIN,"261,365.47 ISK"
Eris Exoplanets Hunter SKIN,1,Permanent SKIN,"344,195.11 ISK"
Executioner Biosecurity Responders SKIN,1,Permanent SKIN,"11,934.89 ISK"
Executioner Exoplanets Hunter SKIN,1,Permanent SKIN,"169,989.41 ISK"
Exequror Biosecurity Responders SKIN,1,Permanent SKIN,"14,079.39 ISK"
Exequror Navy Issue Exoplanets Hunter SKIN,1,Permanent SKIN,"1,085,762.96 ISK"
Federation Navy Comet Biosecurity Responders SKIN,1,Permanent SKIN,"105,029.73 ISK"
Federation Navy Comet Exoplanets Hunter SKIN,1,Permanent SKIN,"843,672.86 ISK"
Gallente Shuttle Exoplanets Hunter SKIN,1,Permanent SKIN,"158,814.07 ISK"
Gallente Shuttle Glacial Drift SKIN,1,Permanent SKIN,"232,889.31 ISK"
Griffin Exoplanets Hunter SKIN,1,Permanent SKIN,"29,756.52 ISK"
Harbinger Biosecurity Responders SKIN,1,Permanent SKIN,"51,438.71 ISK"
Harbinger Exoplanets Hunter SKIN,1,Permanent SKIN,"616,611.53 ISK"
Harbinger Navy Issue Exoplanets Hunter SKIN,1,Permanent SKIN,"1,876,569.44 ISK"
Hecate Exoplanets Hunter SKIN,1,Permanent SKIN,"3,150,491.43 ISK"
Helios Biosecurity Responders SKIN,1,Permanent SKIN,"81,278.17 ISK"
Helios Exoplanets Hunter SKIN,1,Permanent SKIN,"1,466,670.30 ISK"
Heron Exoplanets Hunter SKIN,1,Permanent SKIN,"589,300.00 ISK"
Hoarder Exoplanets Hunter SKIN,1,Permanent SKIN,"507,192.31 ISK"
Hound Exoplanets Hunter SKIN,1,Permanent SKIN,"889,644.06 ISK"
Huginn Exoplanets Hunter SKIN,1,Permanent SKIN,"2,066,574.76 ISK"
Hyena Biosecurity Responders SKIN,1,Permanent SKIN,"27,723.40 ISK"
Hyena Exoplanets Hunter SKIN,1,Permanent SKIN,"133,954.35 ISK"
Hyperion Biosecurity Responders SKIN,1,Permanent SKIN,"683,121.59 ISK"
Hyperion Exoplanets Hunter SKIN,1,Permanent SKIN,"3,413,049.18 ISK"
Impairor Biosecurity Responders SKIN,1,Permanent SKIN,"2,774.83 ISK"
Impairor Exoplanets Hunter SKIN,1,Permanent SKIN,"117,715.30 ISK"
Impel Exoplanets Hunter SKIN,1,Permanent SKIN,"2,522,380.00 ISK"
Incursus Exoplanets Hunter SKIN,1,Permanent SKIN,"123,639.78 ISK"
Incursus Glacial Drift SKIN,1,Permanent SKIN,"11,869.66 ISK"
Inquisitor Exoplanets Hunter SKIN,1,Permanent SKIN,"33,777.86 ISK"
Ishkur Exoplanets Hunter SKIN,1,Permanent SKIN,"170,757.29 ISK"
Iteron Mark V Exoplanets Hunter SKIN,1,Permanent SKIN,"996,871.11 ISK"
Jaguar Biosecurity Responders SKIN,1,Permanent SKIN,"229,922.11 ISK"
Jaguar Exoplanets Hunter SKIN,1,Permanent SKIN,"745,256.36 ISK"
Keres Exoplanets Hunter SKIN,1,Permanent SKIN,"445,925.50 ISK"
Kestrel Exoplanets Hunter SKIN,1,Permanent SKIN,"183,340.12 ISK"
Kestrel Glacial Drift SKIN,1,Permanent SKIN,"38,569.81 ISK"
Kryos Exoplanets Hunter SKIN,1,Permanent SKIN,"649,123.30 ISK"
Lachesis Exoplanets Hunter SKIN,1,Permanent SKIN,"1,860,171.86 ISK"
Magnate Exoplanets Hunter SKIN,1,Permanent SKIN,"82,018.32 ISK"
Malediction Exoplanets Hunter SKIN,1,Permanent SKIN,"955,376.27 ISK"
Mammoth Exoplanets Hunter SKIN,1,Permanent SKIN,"341,199.51 ISK"
Manticore Exoplanets Hunter SKIN,1,Permanent SKIN,"1,219,737.61 ISK"
Mastodon Biosecurity Responders SKIN,1,Permanent SKIN,"826,531.10 ISK"
Maulus Biosecurity Responders SKIN,1,Permanent SKIN,"15,002.41 ISK"
Maulus Exoplanets Hunter SKIN,1,Permanent SKIN,"90,212.81 ISK"
Maulus Navy Issue Exoplanets Hunter SKIN,1,Permanent SKIN,"75,130.00 ISK"
Merlin Biosecurity Responders SKIN,1,Permanent SKIN,"36,140.99 ISK"
Merlin Exoplanets Hunter SKIN,1,Permanent SKIN,"209,391.38 ISK"
Miasmos Exoplanets Hunter SKIN,1,Permanent SKIN,"705,639.35 ISK"
Minmatar Shuttle Biosecurity Responders SKIN,1,Permanent SKIN,"25,086.53 ISK"
Minmatar Shuttle Exoplanets Hunter SKIN,1,Permanent SKIN,"164,339.89 ISK"
Moa Biosecurity Responders SKIN,1,Permanent SKIN,"150,221.18 ISK"
Naga Biosecurity Responders SKIN,1,Permanent SKIN,"99,913.80 ISK"
Navitas Biosecurity Responders SKIN,1,Permanent SKIN,"10,228.98 ISK"
Navitas Exoplanets Hunter SKIN,1,Permanent SKIN,"40,557.66 ISK"
Nemesis Exoplanets Hunter SKIN,1,Permanent SKIN,"818,036.11 ISK"
Nereus Glacial Drift SKIN,1,Permanent SKIN,"315,237.95 ISK"
Omen Biosecurity Responders SKIN,1,Permanent SKIN,"51,403.76 ISK"
Omen Navy Issue Exoplanets Hunter SKIN,1,Permanent SKIN,"822,221.28 ISK"
Oracle Biosecurity Responders SKIN,1,Permanent SKIN,"314,164.57 ISK"
Oracle Exoplanets Hunter SKIN,1,Permanent SKIN,"902,885.71 ISK"
Osprey Biosecurity Responders SKIN,1,Permanent SKIN,"30,964.96 ISK"
Osprey Exoplanets Hunter SKIN,1,Permanent SKIN,"301,889.73 ISK"
Osprey Navy Issue Biosecurity Responders SKIN,1,Permanent SKIN,"1,088,218.55 ISK"
Phobos Exoplanets Hunter SKIN,1,Permanent SKIN,"799,107.69 ISK"
Pilgrim Exoplanets Hunter SKIN,1,Permanent SKIN,"906,303.23 ISK"
Pontifex Exoplanets Hunter SKIN,1,Permanent SKIN,"334,085.37 ISK"
Probe Biosecurity Responders SKIN,1,Permanent SKIN,"11,511.62 ISK"
Probe Exoplanets Hunter SKIN,1,Permanent SKIN,"157,045.45 ISK"
Prorator Exoplanets Hunter SKIN,1,Permanent SKIN,"1,880,796.61 ISK"
Prowler Biosecurity Responders SKIN,1,Permanent SKIN,"958,051.55 ISK"
Punisher Biosecurity Responders SKIN,1,Permanent SKIN,"20,636.63 ISK"
Punisher Exoplanets Hunter SKIN,1,Permanent SKIN,"220,294.69 ISK"
Punisher Glacial Drift SKIN,1,Permanent SKIN,"38,613.48 ISK"
Purifier Biosecurity Responders SKIN,1,Permanent SKIN,"92,566.43 ISK"
Purifier Exoplanets Hunter SKIN,1,Permanent SKIN,"685,125.86 ISK"
Ragnarok Biosecurity Responders SKIN,1,Permanent SKIN,"8,466,352.11 ISK"
Raven Navy Issue Biosecurity Responders SKIN,1,Permanent SKIN,"1,816,984.62 ISK"
Reaper Exoplanets Hunter SKIN,1,Permanent SKIN,"38,178.46 ISK"
Retribution Exoplanets Hunter SKIN,1,Permanent SKIN,"1,686,984.38 ISK"
Rifter Biosecurity Responders SKIN,1,Permanent SKIN,"25,299.11 ISK"
Rifter Exoplanets Hunter SKIN,1,Permanent SKIN,"408,960.61 ISK"
Rifter Glacial Drift SKIN,1,Permanent SKIN,"115,208.89 ISK"
Rokh Biosecurity Responders SKIN,1,Permanent SKIN,"639,056.23 ISK"
Rokh Exoplanets Hunter SKIN,1,Permanent SKIN,"1,292,494.62 ISK"
Sacrilege Exoplanets Hunter SKIN,1,Permanent SKIN,"2,322,901.96 ISK"
Scalpel Exoplanets Hunter SKIN,1,Permanent SKIN,"61,697.67 ISK"
Scythe Biosecurity Responders SKIN,1,Permanent SKIN,"28,799.55 ISK"
Scythe Fleet Issue Exoplanets Hunter SKIN,1,Permanent SKIN,"707,140.00 ISK"
Sigil Biosecurity Responders SKIN,1,Permanent SKIN,"33,370.63 ISK"
Sigil Exoplanets Hunter SKIN,1,Permanent SKIN,"298,848.57 ISK"
Stabber Exoplanets Hunter SKIN,1,Permanent SKIN,"402,130.57 ISK"
Svipul Exoplanets Hunter SKIN,1,Permanent SKIN,"493,058.44 ISK"
Talos Exoplanets Hunter SKIN,1,Permanent SKIN,"910,538.89 ISK"
Talwar Exoplanets Hunter SKIN,1,Permanent SKIN,"355,943.28 ISK"
Taranis Exoplanets Hunter SKIN,1,Permanent SKIN,"96,883.28 ISK"
Tayra Exoplanets Hunter SKIN,1,Permanent SKIN,"2,208,255.81 ISK"
Tempest Biosecurity Responders SKIN,1,Permanent SKIN,"359,809.09 ISK"
Thalia Exoplanets Hunter SKIN,1,Permanent SKIN,
Thrasher Biosecurity Responders SKIN,1,Permanent SKIN,"25,389.35 ISK"
Tormentor Biosecurity Responders SKIN,1,Permanent SKIN,"11,379.90 ISK"
Tormentor Exoplanets Hunter SKIN,1,Permanent SKIN,"58,722.35 ISK"
Tornado Exoplanets Hunter SKIN,1,Permanent SKIN,"1,046,264.29 ISK"
Tristan Exoplanets Hunter SKIN,1,Permanent SKIN,"455,383.92 ISK"
Tristan Quafe SKIN,1,Permanent SKIN,"567,020.18 ISK"
Vagabond Exoplanets Hunter SKIN,1,Permanent SKIN,"2,550,360.00 ISK"
Velator Biosecurity Responders SKIN,1,Permanent SKIN,"6,187.14 ISK"
Velator Exoplanets Hunter SKIN,1,Permanent SKIN,"54,320.15 ISK"
Vengeance Exoplanets Hunter SKIN,1,Permanent SKIN,"276,377.53 ISK"
Venture Glacial Drift SKIN,1,Permanent SKIN,"1,114,145.52 ISK"
Vigil Exoplanets Hunter SKIN,1,Permanent SKIN,"60,336.97 ISK"
Vulture Exoplanets Hunter SKIN,1,Permanent SKIN,"728,672.73 ISK"
Wolf Exoplanets Hunter SKIN,1,Permanent SKIN,"637,907.63 ISK"
Wreathe Biosecurity Responders SKIN,1,Permanent SKIN,"60,860.92 ISK"
Wreathe Exoplanets Hunter SKIN,1,Permanent SKIN,"736,243.88 ISK"